-- phpMyAdmin SQL Dump
-- version 4.8.3
-- https://www.phpmyadmin.net/
--
-- Host: 127.0.0.1
-- Generation Time: Mar 26, 2019 at 03:12 PM
-- Server version: 10.1.36-MariaDB
-- PHP Version: 7.2.11

SET SQL_MODE = "NO_AUTO_VALUE_ON_ZERO";
SET AUTOCOMMIT = 0;
START TRANSACTION;
SET time_zone = "+00:00";


/*!40101 SET @OLD_CHARACTER_SET_CLIENT=@@CHARACTER_SET_CLIENT */;
/*!40101 SET @OLD_CHARACTER_SET_RESULTS=@@CHARACTER_SET_RESULTS */;
/*!40101 SET @OLD_COLLATION_CONNECTION=@@COLLATION_CONNECTION */;
/*!40101 SET NAMES utf8mb4 */;

--
-- Database: `stack`
--

-- --------------------------------------------------------

--
-- Table structure for table `category`
--

CREATE TABLE `category` (
  `id` int(10) UNSIGNED NOT NULL,
  `user_id` int(10) UNSIGNED NOT NULL,
  `category_title` varchar(191) COLLATE utf8mb4_unicode_ci DEFAULT NULL,
  `category_body` varchar(191) COLLATE utf8mb4_unicode_ci DEFAULT NULL,
  `created_at` timestamp NULL DEFAULT NULL,
  `updated_at` timestamp NULL DEFAULT NULL
) ENGINE=InnoDB DEFAULT CHARSET=utf8mb4 COLLATE=utf8mb4_unicode_ci;

--
-- Dumping data for table `category`
--

INSERT INTO `category` (`id`, `user_id`, `category_title`, `category_body`, `created_at`, `updated_at`) VALUES
(1, 6, 'Winter', 'Best products found', '2018-12-26 05:20:30', '2018-12-26 05:20:30'),
(2, 6, 'Summer', 'Best products found', '2018-12-26 05:20:30', '2018-12-26 05:20:30'),
(3, 6, 'Men', 'Best products found', '2018-12-26 05:20:30', '2018-12-26 05:20:30'),
(4, 6, 'Women', 'Best products found', '2018-12-26 05:20:30', '2018-12-26 05:20:30'),
(5, 6, 'Kids', 'Best products found', '2018-12-26 05:20:30', '2018-12-26 05:20:30');

-- --------------------------------------------------------

--
-- Table structure for table `category_product`
--

CREATE TABLE `category_product` (
  `id` int(10) UNSIGNED NOT NULL,
  `category_id` int(10) UNSIGNED NOT NULL,
  `product_id` int(10) UNSIGNED NOT NULL,
  `created_at` timestamp NULL DEFAULT NULL,
  `updated_at` timestamp NULL DEFAULT NULL
) ENGINE=InnoDB DEFAULT CHARSET=utf8mb4 COLLATE=utf8mb4_unicode_ci;

--
-- Dumping data for table `category_product`
--

INSERT INTO `category_product` (`id`, `category_id`, `product_id`, `created_at`, `updated_at`) VALUES
(2, 1, 2, NULL, NULL),
(3, 5, 2, NULL, NULL),
(4, 4, 2, NULL, NULL),
(5, 2, 3, NULL, NULL),
(6, 1, 3, NULL, NULL),
(7, 3, 4, NULL, NULL),
(8, 1, 4, NULL, NULL),
(9, 4, 5, NULL, NULL),
(10, 2, 5, NULL, NULL),
(11, 5, 6, NULL, NULL),
(12, 1, 6, NULL, NULL),
(13, 1, 7, NULL, NULL),
(14, 4, 7, NULL, NULL);

-- --------------------------------------------------------

--
-- Table structure for table `comments`
--

CREATE TABLE `comments` (
  `id` int(10) UNSIGNED NOT NULL,
  `user_id` int(10) UNSIGNED NOT NULL,
  `parent_id` int(10) UNSIGNED DEFAULT NULL,
  `body` text COLLATE utf8mb4_unicode_ci NOT NULL,
  `commentable_id` int(10) UNSIGNED NOT NULL,
  `commentable_type` varchar(191) COLLATE utf8mb4_unicode_ci NOT NULL,
  `created_at` timestamp NULL DEFAULT NULL,
  `updated_at` timestamp NULL DEFAULT NULL
) ENGINE=InnoDB DEFAULT CHARSET=utf8mb4 COLLATE=utf8mb4_unicode_ci;

--
-- Dumping data for table `comments`
--

INSERT INTO `comments` (`id`, `user_id`, `parent_id`, `body`, `commentable_id`, `commentable_type`, `created_at`, `updated_at`) VALUES
(1, 1, NULL, 'Nice post', 1, 'App\\Post', '2018-12-18 08:45:14', '2018-12-18 08:45:14'),
(2, 1, NULL, 'Good video', 1, 'App\\Videos', '2018-12-20 02:51:20', '2018-12-20 02:51:20'),
(3, 1, 2, 'really', 1, 'App\\Videos', '2018-12-20 06:44:56', '2018-12-20 06:44:56'),
(4, 1, NULL, 'Testing comment 2', 1, 'App\\Videos', '2018-12-20 09:44:52', '2018-12-20 09:44:52');

-- --------------------------------------------------------

--
-- Table structure for table `countries`
--

CREATE TABLE `countries` (
  `id` int(10) UNSIGNED NOT NULL,
  `code` varchar(191) COLLATE utf8mb4_unicode_ci NOT NULL,
  `name` varchar(191) COLLATE utf8mb4_unicode_ci NOT NULL,
  `created_at` timestamp NULL DEFAULT NULL,
  `updated_at` timestamp NULL DEFAULT NULL
) ENGINE=InnoDB DEFAULT CHARSET=utf8mb4 COLLATE=utf8mb4_unicode_ci;

--
-- Dumping data for table `countries`
--

INSERT INTO `countries` (`id`, `code`, `name`, `created_at`, `updated_at`) VALUES
(1, 'US', 'United States', NULL, NULL),
(2, 'CA', 'Canada', NULL, NULL),
(3, 'AF', 'Afghanistan', NULL, NULL),
(4, 'AL', 'Albania', NULL, NULL),
(5, 'DZ', 'Algeria', NULL, NULL),
(6, 'AS', 'American Samoa', NULL, NULL),
(7, 'AD', 'Andorra', NULL, NULL),
(8, 'AO', 'Angola', NULL, NULL),
(9, 'AI', 'Anguilla', NULL, NULL),
(10, 'AQ', 'Antarctica', NULL, NULL),
(11, 'AG', 'Antigua and/or Barbuda', NULL, NULL),
(12, 'AR', 'Argentina', NULL, NULL),
(13, 'AM', 'Armenia', NULL, NULL),
(14, 'AW', 'Aruba', NULL, NULL),
(15, 'AU', 'Australia', NULL, NULL),
(16, 'AT', 'Austria', NULL, NULL),
(17, 'AZ', 'Azerbaijan', NULL, NULL),
(18, 'BS', 'Bahamas', NULL, NULL),
(19, 'BH', 'Bahrain', NULL, NULL),
(20, 'BD', 'Bangladesh', NULL, NULL),
(21, 'BB', 'Barbados', NULL, NULL),
(22, 'BY', 'Belarus', NULL, NULL),
(23, 'BE', 'Belgium', NULL, NULL),
(24, 'BZ', 'Belize', NULL, NULL),
(25, 'BJ', 'Benin', NULL, NULL),
(26, 'BM', 'Bermuda', NULL, NULL),
(27, 'BT', 'Bhutan', NULL, NULL),
(28, 'BO', 'Bolivia', NULL, NULL),
(29, 'BA', 'Bosnia and Herzegovina', NULL, NULL),
(30, 'BW', 'Botswana', NULL, NULL),
(31, 'BV', 'Bouvet Island', NULL, NULL),
(32, 'BR', 'Brazil', NULL, NULL),
(33, 'IO', 'British lndian Ocean Territory', NULL, NULL),
(34, 'BN', 'Brunei Darussalam', NULL, NULL),
(35, 'BG', 'Bulgaria', NULL, NULL),
(36, 'BF', 'Burkina Faso', NULL, NULL),
(37, 'BI', 'Burundi', NULL, NULL),
(38, 'KH', 'Cambodia', NULL, NULL),
(39, 'CM', 'Cameroon', NULL, NULL),
(40, 'CV', 'Cape Verde', NULL, NULL),
(41, 'KY', 'Cayman Islands', NULL, NULL),
(42, 'CF', 'Central African Republic', NULL, NULL),
(43, 'TD', 'Chad', NULL, NULL),
(44, 'CL', 'Chile', NULL, NULL),
(45, 'CN', 'China', NULL, NULL),
(46, 'CX', 'Christmas Island', NULL, NULL),
(47, 'CC', 'Cocos (Keeling) Islands', NULL, NULL),
(48, 'CO', 'Colombia', NULL, NULL),
(49, 'KM', 'Comoros', NULL, NULL),
(50, 'CG', 'Congo', NULL, NULL),
(51, 'CK', 'Cook Islands', NULL, NULL),
(52, 'CR', 'Costa Rica', NULL, NULL),
(53, 'HR', 'Croatia (Hrvatska)', NULL, NULL),
(54, 'CU', 'Cuba', NULL, NULL),
(55, 'CY', 'Cyprus', NULL, NULL),
(56, 'CZ', 'Czech Republic', NULL, NULL),
(57, 'CD', 'Democratic Republic of Congo', NULL, NULL),
(58, 'DK', 'Denmark', NULL, NULL),
(59, 'DJ', 'Djibouti', NULL, NULL),
(60, 'DM', 'Dominica', NULL, NULL),
(61, 'DO', 'Dominican Republic', NULL, NULL),
(62, 'TP', 'East Timor', NULL, NULL),
(63, 'EC', 'Ecudaor', NULL, NULL),
(64, 'EG', 'Egypt', NULL, NULL),
(65, 'SV', 'El Salvador', NULL, NULL),
(66, 'GQ', 'Equatorial Guinea', NULL, NULL),
(67, 'ER', 'Eritrea', NULL, NULL),
(68, 'EE', 'Estonia', NULL, NULL),
(69, 'ET', 'Ethiopia', NULL, NULL),
(70, 'FK', 'Falkland Islands (Malvinas)', NULL, NULL),
(71, 'FO', 'Faroe Islands', NULL, NULL),
(72, 'FJ', 'Fiji', NULL, NULL),
(73, 'FI', 'Finland', NULL, NULL),
(74, 'FR', 'France', NULL, NULL),
(75, 'FX', 'France, Metropolitan', NULL, NULL),
(76, 'GF', 'French Guiana', NULL, NULL),
(77, 'PF', 'French Polynesia', NULL, NULL),
(78, 'TF', 'French Southern Territories', NULL, NULL),
(79, 'GA', 'Gabon', NULL, NULL),
(80, 'GM', 'Gambia', NULL, NULL),
(81, 'GE', 'Georgia', NULL, NULL),
(82, 'DE', 'Germany', NULL, NULL),
(83, 'GH', 'Ghana', NULL, NULL),
(84, 'GI', 'Gibraltar', NULL, NULL),
(85, 'GR', 'Greece', NULL, NULL),
(86, 'GL', 'Greenland', NULL, NULL),
(87, 'GD', 'Grenada', NULL, NULL),
(88, 'GP', 'Guadeloupe', NULL, NULL),
(89, 'GU', 'Guam', NULL, NULL),
(90, 'GT', 'Guatemala', NULL, NULL),
(91, 'GN', 'Guinea', NULL, NULL),
(92, 'GW', 'Guinea-Bissau', NULL, NULL),
(93, 'GY', 'Guyana', NULL, NULL),
(94, 'HT', 'Haiti', NULL, NULL),
(95, 'HM', 'Heard and Mc Donald Islands', NULL, NULL),
(96, 'HN', 'Honduras', NULL, NULL),
(97, 'HK', 'Hong Kong', NULL, NULL),
(98, 'HU', 'Hungary', NULL, NULL),
(99, 'IS', 'Iceland', NULL, NULL),
(100, 'IN', 'India', NULL, NULL),
(101, 'ID', 'Indonesia', NULL, NULL),
(102, 'IR', 'Iran (Islamic Republic of)', NULL, NULL),
(103, 'IQ', 'Iraq', NULL, NULL),
(104, 'IE', 'Ireland', NULL, NULL),
(105, 'IL', 'Israel', NULL, NULL),
(106, 'IT', 'Italy', NULL, NULL),
(107, 'CI', 'Ivory Coast', NULL, NULL),
(108, 'JM', 'Jamaica', NULL, NULL),
(109, 'JP', 'Japan', NULL, NULL),
(110, 'JO', 'Jordan', NULL, NULL),
(111, 'KZ', 'Kazakhstan', NULL, NULL),
(112, 'KE', 'Kenya', NULL, NULL),
(113, 'KI', 'Kiribati', NULL, NULL),
(114, 'KP', 'Korea, Democratic People\'s Republic of', NULL, NULL),
(115, 'KR', 'Korea, Republic of', NULL, NULL),
(116, 'KW', 'Kuwait', NULL, NULL),
(117, 'KG', 'Kyrgyzstan', NULL, NULL),
(118, 'LA', 'Lao People\'s Democratic Republic', NULL, NULL),
(119, 'LV', 'Latvia', NULL, NULL),
(120, 'LB', 'Lebanon', NULL, NULL),
(121, 'LS', 'Lesotho', NULL, NULL),
(122, 'LR', 'Liberia', NULL, NULL),
(123, 'LY', 'Libyan Arab Jamahiriya', NULL, NULL),
(124, 'LI', 'Liechtenstein', NULL, NULL),
(125, 'LT', 'Lithuania', NULL, NULL),
(126, 'LU', 'Luxembourg', NULL, NULL),
(127, 'MO', 'Macau', NULL, NULL),
(128, 'MK', 'Macedonia', NULL, NULL),
(129, 'MG', 'Madagascar', NULL, NULL),
(130, 'MW', 'Malawi', NULL, NULL),
(131, 'MY', 'Malaysia', NULL, NULL),
(132, 'MV', 'Maldives', NULL, NULL),
(133, 'ML', 'Mali', NULL, NULL),
(134, 'MT', 'Malta', NULL, NULL),
(135, 'MH', 'Marshall Islands', NULL, NULL),
(136, 'MQ', 'Martinique', NULL, NULL),
(137, 'MR', 'Mauritania', NULL, NULL),
(138, 'MU', 'Mauritius', NULL, NULL),
(139, 'TY', 'Mayotte', NULL, NULL),
(140, 'MX', 'Mexico', NULL, NULL),
(141, 'FM', 'Micronesia, Federated States of', NULL, NULL),
(142, 'MD', 'Moldova, Republic of', NULL, NULL),
(143, 'MC', 'Monaco', NULL, NULL),
(144, 'MN', 'Mongolia', NULL, NULL),
(145, 'MS', 'Montserrat', NULL, NULL),
(146, 'MA', 'Morocco', NULL, NULL),
(147, 'MZ', 'Mozambique', NULL, NULL),
(148, 'MM', 'Myanmar', NULL, NULL),
(149, 'NA', 'Namibia', NULL, NULL),
(150, 'NR', 'Nauru', NULL, NULL),
(151, 'NP', 'Nepal', NULL, NULL),
(152, 'NL', 'Netherlands', NULL, NULL),
(153, 'AN', 'Netherlands Antilles', NULL, NULL),
(154, 'NC', 'New Caledonia', NULL, NULL),
(155, 'NZ', 'New Zealand', NULL, NULL),
(156, 'NI', 'Nicaragua', NULL, NULL),
(157, 'NE', 'Niger', NULL, NULL),
(158, 'NG', 'Nigeria', NULL, NULL),
(159, 'NU', 'Niue', NULL, NULL),
(160, 'NF', 'Norfork Island', NULL, NULL),
(161, 'MP', 'Northern Mariana Islands', NULL, NULL),
(162, 'NO', 'Norway', NULL, NULL),
(163, 'OM', 'Oman', NULL, NULL),
(164, 'PK', 'Pakistan', NULL, NULL),
(165, 'PW', 'Palau', NULL, NULL),
(166, 'PA', 'Panama', NULL, NULL),
(167, 'PG', 'Papua New Guinea', NULL, NULL),
(168, 'PY', 'Paraguay', NULL, NULL),
(169, 'PE', 'Peru', NULL, NULL),
(170, 'PH', 'Philippines', NULL, NULL),
(171, 'PN', 'Pitcairn', NULL, NULL),
(172, 'PL', 'Poland', NULL, NULL),
(173, 'PT', 'Portugal', NULL, NULL),
(174, 'PR', 'Puerto Rico', NULL, NULL),
(175, 'QA', 'Qatar', NULL, NULL),
(176, 'SS', 'Republic of South Sudan', NULL, NULL),
(177, 'RE', 'Reunion', NULL, NULL),
(178, 'RO', 'Romania', NULL, NULL),
(179, 'RU', 'Russian Federation', NULL, NULL),
(180, 'RW', 'Rwanda', NULL, NULL),
(181, 'KN', 'Saint Kitts and Nevis', NULL, NULL),
(182, 'LC', 'Saint Lucia', NULL, NULL),
(183, 'VC', 'Saint Vincent and the Grenadines', NULL, NULL),
(184, 'WS', 'Samoa', NULL, NULL),
(185, 'SM', 'San Marino', NULL, NULL),
(186, 'ST', 'Sao Tome and Principe', NULL, NULL),
(187, 'SA', 'Saudi Arabia', NULL, NULL),
(188, 'SN', 'Senegal', NULL, NULL),
(189, 'RS', 'Serbia', NULL, NULL),
(190, 'SC', 'Seychelles', NULL, NULL),
(191, 'SL', 'Sierra Leone', NULL, NULL),
(192, 'SG', 'Singapore', NULL, NULL),
(193, 'SK', 'Slovakia', NULL, NULL),
(194, 'SI', 'Slovenia', NULL, NULL),
(195, 'SB', 'Solomon Islands', NULL, NULL),
(196, 'SO', 'Somalia', NULL, NULL),
(197, 'ZA', 'South Africa', NULL, NULL),
(198, 'GS', 'South Georgia South Sandwich Islands', NULL, NULL),
(199, 'ES', 'Spain', NULL, NULL),
(200, 'LK', 'Sri Lanka', NULL, NULL),
(201, 'SH', 'St. Helena', NULL, NULL),
(202, 'PM', 'St. Pierre and Miquelon', NULL, NULL),
(203, 'SD', 'Sudan', NULL, NULL),
(204, 'SR', 'Suriname', NULL, NULL),
(205, 'SJ', 'Svalbarn and Jan Mayen Islands', NULL, NULL),
(206, 'SZ', 'Swaziland', NULL, NULL),
(207, 'SE', 'Sweden', NULL, NULL),
(208, 'CH', 'Switzerland', NULL, NULL),
(209, 'SY', 'Syrian Arab Republic', NULL, NULL),
(210, 'TW', 'Taiwan', NULL, NULL),
(211, 'TJ', 'Tajikistan', NULL, NULL),
(212, 'TZ', 'Tanzania, United Republic of', NULL, NULL),
(213, 'TH', 'Thailand', NULL, NULL),
(214, 'TG', 'Togo', NULL, NULL),
(215, 'TK', 'Tokelau', NULL, NULL),
(216, 'TO', 'Tonga', NULL, NULL),
(217, 'TT', 'Trinidad and Tobago', NULL, NULL),
(218, 'TN', 'Tunisia', NULL, NULL),
(219, 'TR', 'Turkey', NULL, NULL),
(220, 'TM', 'Turkmenistan', NULL, NULL),
(221, 'TC', 'Turks and Caicos Islands', NULL, NULL),
(222, 'TV', 'Tuvalu', NULL, NULL),
(223, 'UG', 'Uganda', NULL, NULL),
(224, 'UA', 'Ukraine', NULL, NULL),
(225, 'AE', 'United Arab Emirates', NULL, NULL),
(226, 'GB', 'United Kingdom', NULL, NULL),
(227, 'UM', 'United States minor outlying islands', NULL, NULL),
(228, 'UY', 'Uruguay', NULL, NULL),
(229, 'UZ', 'Uzbekistan', NULL, NULL),
(230, 'VU', 'Vanuatu', NULL, NULL),
(231, 'VA', 'Vatican City State', NULL, NULL),
(232, 'VE', 'Venezuela', NULL, NULL),
(233, 'VN', 'Vietnam', NULL, NULL),
(234, 'VG', 'Virgin Islands (British)', NULL, NULL),
(235, 'VI', 'Virgin Islands (U.S.)', NULL, NULL),
(236, 'WF', 'Wallis and Futuna Islands', NULL, NULL),
(237, 'EH', 'Western Sahara', NULL, NULL),
(238, 'YE', 'Yemen', NULL, NULL),
(239, 'YU', 'Yugoslavia', NULL, NULL),
(240, 'ZR', 'Zaire', NULL, NULL),
(241, 'ZM', 'Zambia', NULL, NULL),
(242, 'ZW', 'Zimbabwe', NULL, NULL);

-- --------------------------------------------------------

--
-- Table structure for table `events`
--

CREATE TABLE `events` (
  `id` int(10) UNSIGNED NOT NULL,
  `event_title` varchar(191) COLLATE utf8mb4_unicode_ci NOT NULL,
  `event_content` text COLLATE utf8mb4_unicode_ci NOT NULL,
  `created_at` timestamp NULL DEFAULT NULL,
  `updated_at` timestamp NULL DEFAULT NULL
) ENGINE=InnoDB DEFAULT CHARSET=utf8mb4 COLLATE=utf8mb4_unicode_ci;

-- --------------------------------------------------------

--
-- Table structure for table `migrations`
--

CREATE TABLE `migrations` (
  `id` int(10) UNSIGNED NOT NULL,
  `migration` varchar(191) COLLATE utf8mb4_unicode_ci NOT NULL,
  `batch` int(11) NOT NULL
) ENGINE=InnoDB DEFAULT CHARSET=utf8mb4 COLLATE=utf8mb4_unicode_ci;

--
-- Dumping data for table `migrations`
--

INSERT INTO `migrations` (`id`, `migration`, `batch`) VALUES
(85, '2014_10_12_000000_create_users_table', 1),
(86, '2014_10_12_100000_create_password_resets_table', 1),
(87, '2018_11_30_125954_create_sessions_table', 1),
(88, '2018_11_30_131442_create_posts_table', 1),
(89, '2018_11_30_131509_create_comments_table', 1),
(90, '2018_12_05_110153_create_events_table', 1),
(91, '2018_12_05_124516_create_reviews_table', 1),
(92, '2018_12_06_065953_create_roles_table', 1),
(93, '2018_12_06_070100_create_role_user_table', 1),
(94, '2018_12_17_094036_create_countries_table', 1),
(95, '2018_12_19_064116_create_videos_table', 2),
(108, '2018_12_26_080647_create_products_table', 3),
(109, '2018_12_26_080758_create_product_categories_table', 3),
(110, '2018_12_26_080849_create_product_category_relations_table', 3);

-- --------------------------------------------------------

--
-- Table structure for table `password_resets`
--

CREATE TABLE `password_resets` (
  `email` varchar(191) COLLATE utf8mb4_unicode_ci NOT NULL,
  `token` varchar(191) COLLATE utf8mb4_unicode_ci NOT NULL,
  `created_at` timestamp NULL DEFAULT NULL
) ENGINE=InnoDB DEFAULT CHARSET=utf8mb4 COLLATE=utf8mb4_unicode_ci;

-- --------------------------------------------------------

--
-- Table structure for table `posts`
--

CREATE TABLE `posts` (
  `id` int(10) UNSIGNED NOT NULL,
  `user_id` int(11) DEFAULT NULL,
  `title` varchar(191) COLLATE utf8mb4_unicode_ci NOT NULL,
  `body` text COLLATE utf8mb4_unicode_ci NOT NULL,
  `created_at` timestamp NULL DEFAULT NULL,
  `updated_at` timestamp NULL DEFAULT NULL
) ENGINE=InnoDB DEFAULT CHARSET=utf8mb4 COLLATE=utf8mb4_unicode_ci;

--
-- Dumping data for table `posts`
--

INSERT INTO `posts` (`id`, `user_id`, `title`, `body`, `created_at`, `updated_at`) VALUES
(1, 1, 'Highcharts Demo', 'Test', '2018-12-18 05:06:58', '2018-12-18 05:06:58'),
(2, 2, 'Post Employee 2', 'Test', '2018-12-18 05:07:36', '2018-12-18 05:07:36'),
(3, 2, 'Neighbourhood-Template', 'T', '2018-12-18 05:07:46', '2018-12-18 05:07:46'),
(4, 2, 'Hell March', 'T', '2018-12-18 05:07:56', '2018-12-18 05:07:56'),
(5, 2, 'Expo', 'Q', '2018-12-18 05:08:04', '2018-12-18 05:08:04'),
(6, 1, 'Checking Post', 'P', '2018-12-18 05:08:21', '2018-12-18 05:08:21');

-- --------------------------------------------------------

--
-- Table structure for table `product`
--

CREATE TABLE `product` (
  `id` int(10) UNSIGNED NOT NULL,
  `user_id` int(10) UNSIGNED NOT NULL,
  `product_title` varchar(191) COLLATE utf8mb4_unicode_ci DEFAULT NULL,
  `product_body` varchar(191) COLLATE utf8mb4_unicode_ci DEFAULT NULL,
  `created_at` timestamp NULL DEFAULT NULL,
  `updated_at` timestamp NULL DEFAULT NULL
) ENGINE=InnoDB DEFAULT CHARSET=utf8mb4 COLLATE=utf8mb4_unicode_ci;

--
-- Dumping data for table `product`
--

INSERT INTO `product` (`id`, `user_id`, `product_title`, `product_body`, `created_at`, `updated_at`) VALUES
(2, 1, 'Product A', 'All sizes are available.', '2018-12-26 05:23:33', '2018-12-26 05:23:33'),
(3, 6, 'Product B', 'All sizes are available.', '2018-12-26 05:23:34', '2018-12-26 05:23:34'),
(4, 6, 'Product C', 'All sizes are available.', '2018-12-26 05:23:34', '2018-12-26 05:23:34'),
(5, 6, 'Product D', 'All sizes are available.', '2018-12-26 05:23:34', '2018-12-26 05:23:34'),
(6, 6, 'Product E', 'All sizes are available.', '2018-12-26 05:23:34', '2018-12-26 05:23:34'),
(7, 6, 'Product F', 'All sizes are available.', '2018-12-26 05:23:34', '2018-12-26 05:23:34');

-- --------------------------------------------------------

--
-- Table structure for table `reviews`
--

CREATE TABLE `reviews` (
  `id` int(10) UNSIGNED NOT NULL,
  `user_id` int(10) UNSIGNED NOT NULL,
  `parent_id` int(10) UNSIGNED DEFAULT NULL,
  `body` text COLLATE utf8mb4_unicode_ci NOT NULL,
  `reviewtable_id` int(10) UNSIGNED NOT NULL,
  `reviewtable_type` varchar(191) COLLATE utf8mb4_unicode_ci NOT NULL,
  `created_at` timestamp NULL DEFAULT NULL,
  `updated_at` timestamp NULL DEFAULT NULL
) ENGINE=InnoDB DEFAULT CHARSET=utf8mb4 COLLATE=utf8mb4_unicode_ci;

-- --------------------------------------------------------

--
-- Table structure for table `roles`
--

CREATE TABLE `roles` (
  `id` int(10) UNSIGNED NOT NULL,
  `name` varchar(191) COLLATE utf8mb4_unicode_ci NOT NULL,
  `description` varchar(191) COLLATE utf8mb4_unicode_ci NOT NULL,
  `created_at` timestamp NULL DEFAULT NULL,
  `updated_at` timestamp NULL DEFAULT NULL
) ENGINE=InnoDB DEFAULT CHARSET=utf8mb4 COLLATE=utf8mb4_unicode_ci;

--
-- Dumping data for table `roles`
--

INSERT INTO `roles` (`id`, `name`, `description`, `created_at`, `updated_at`) VALUES
(1, 'employee', 'A Employee User', '2018-12-18 05:03:19', '2018-12-18 05:03:19'),
(2, 'manager', 'A Manager User', '2018-12-18 05:03:19', '2018-12-18 05:03:19'),
(3, 'admin', 'A Admin User', '2018-12-18 05:03:19', '2018-12-18 05:03:19'),
(4, 'superadmin', 'A Super Admin User', '2018-12-18 05:03:19', '2018-12-18 05:03:19');

-- --------------------------------------------------------

--
-- Table structure for table `role_user`
--

CREATE TABLE `role_user` (
  `id` int(10) UNSIGNED NOT NULL,
  `role_id` int(10) UNSIGNED NOT NULL,
  `user_id` int(10) UNSIGNED NOT NULL,
  `created_at` timestamp NULL DEFAULT NULL,
  `updated_at` timestamp NULL DEFAULT NULL
) ENGINE=InnoDB DEFAULT CHARSET=utf8mb4 COLLATE=utf8mb4_unicode_ci;

--
-- Dumping data for table `role_user`
--

INSERT INTO `role_user` (`id`, `role_id`, `user_id`, `created_at`, `updated_at`) VALUES
(1, 1, 1, NULL, NULL),
(2, 1, 2, NULL, NULL),
(3, 2, 3, NULL, NULL),
(4, 2, 4, NULL, NULL),
(5, 3, 5, NULL, NULL),
(6, 4, 6, NULL, NULL);

-- --------------------------------------------------------

--
-- Table structure for table `sessions`
--

CREATE TABLE `sessions` (
  `id` varchar(191) COLLATE utf8mb4_unicode_ci NOT NULL,
  `user_id` int(10) UNSIGNED DEFAULT NULL,
  `ip_address` varchar(45) COLLATE utf8mb4_unicode_ci DEFAULT NULL,
  `user_agent` text COLLATE utf8mb4_unicode_ci,
  `payload` text COLLATE utf8mb4_unicode_ci NOT NULL,
  `last_activity` int(11) NOT NULL
) ENGINE=InnoDB DEFAULT CHARSET=utf8mb4 COLLATE=utf8mb4_unicode_ci;

-- --------------------------------------------------------

--
-- Table structure for table `users`
--

CREATE TABLE `users` (
  `id` int(10) UNSIGNED NOT NULL,
  `name` varchar(191) COLLATE utf8mb4_unicode_ci NOT NULL,
  `email` varchar(191) COLLATE utf8mb4_unicode_ci NOT NULL,
  `email_verified_at` timestamp NULL DEFAULT NULL,
  `password` varchar(191) COLLATE utf8mb4_unicode_ci NOT NULL,
  `country_id` varchar(191) COLLATE utf8mb4_unicode_ci NOT NULL,
  `remember_token` varchar(100) COLLATE utf8mb4_unicode_ci DEFAULT NULL,
  `created_at` timestamp NULL DEFAULT NULL,
  `updated_at` timestamp NULL DEFAULT NULL
) ENGINE=InnoDB DEFAULT CHARSET=utf8mb4 COLLATE=utf8mb4_unicode_ci;

--
-- Dumping data for table `users`
--

INSERT INTO `users` (`id`, `name`, `email`, `email_verified_at`, `password`, `country_id`, `remember_token`, `created_at`, `updated_at`) VALUES
(1, 'Employee', 'employee@example.com', NULL, '$2y$10$idW87WHxo3EXBWyQjGWomeA7oqxTI8hS5cKJEs0m04fz918RjgFQ2', '1', 'F1Y9hHOw41xdR5GAguWibojEV7xxGZ33CGOm6jwYjWuNXnOFEuOtT9vyvlSR', '2018-12-18 05:44:03', '2018-12-18 05:44:03'),
(2, 'Employee 2', 'employee2@example.com', NULL, '$2y$10$dkBudYQZ6WARK4TCl.NkpuN4CLULtKtrfrcxFpJ.5Gvl43LCdfa0.', '2', NULL, '2018-12-18 05:44:03', '2018-12-18 05:44:03'),
(3, 'Manager', 'manager@example.com', NULL, '$2y$10$CldoFbT47oCR5pEc7cqMbe1r0EBXWE1NThoB8BykUxabLYfAmOJye', '1', NULL, '2018-12-18 05:44:03', '2018-12-18 05:44:03'),
(4, 'Manager2', 'manager2@example.com', NULL, '$2y$10$GchvOJLyRo9Z7Wc6Jcts8O1y54gBUi0fjimi5hIDAbzFmOY7ZeI7K', '2', NULL, '2018-12-18 05:44:03', '2018-12-18 05:44:03'),
(5, 'Admin', 'admin@example.com', NULL, '$2y$10$eiafn4poiRoDlj7E8H3q7e1sll4bLrBKXylz4TqFM/Xc1h5NalQOi', '2', NULL, '2018-12-18 05:44:04', '2018-12-18 05:44:04'),
(6, 'Super Admin', 'superadmin@example.com', NULL, '$2y$10$V15adf.no9qKXiA9lUOLauYT2MYoBnBfjT3Nawv1.CdX4RtCZSZse', '2', NULL, '2018-12-18 05:44:04', '2018-12-18 05:44:04');

-- --------------------------------------------------------

--
-- Table structure for table `videos`
--

CREATE TABLE `videos` (
  `id` int(10) UNSIGNED NOT NULL,
  `user_id` int(11) DEFAULT NULL,
  `title` varchar(191) COLLATE utf8mb4_unicode_ci NOT NULL,
  `body` text COLLATE utf8mb4_unicode_ci NOT NULL,
  `created_at` timestamp NULL DEFAULT NULL,
  `updated_at` timestamp NULL DEFAULT NULL
) ENGINE=InnoDB DEFAULT CHARSET=utf8mb4 COLLATE=utf8mb4_unicode_ci;

--
-- Dumping data for table `videos`
--

INSERT INTO `videos` (`id`, `user_id`, `title`, `body`, `created_at`, `updated_at`) VALUES
(1, 1, 'Trello', '<iframe width=\"560\" height=\"315\" src=\"https://www.youtube.com/embed/xky48zyL9iA\" frameborder=\"0\" allow=\"accelerometer; autoplay; encrypted-media; gyroscope; picture-in-picture\" allowfullscreen></iframe>', '2018-12-19 02:27:59', '2018-12-19 02:27:59'),
(2, 1, 'Highcharts Demo', '<iframe width=\"560\" height=\"315\" src=\"https://www.youtube.com/embed/cqcc1mTi7kI\" frameborder=\"0\" allow=\"accelerometer; autoplay; encrypted-media; gyroscope; picture-in-picture\" allowfullscreen></iframe>', '2018-12-19 02:28:59', '2018-12-19 02:28:59'),
(3, 1, 'Highcharts Stock Demo', '<iframe width=\"560\" height=\"315\" src=\"https://www.youtube.com/embed/cqcc1mTi7kI\" frameborder=\"0\" allow=\"accelerometer; autoplay; encrypted-media; gyroscope; picture-in-picture\" allowfullscreen></iframe>', '2018-12-19 02:29:56', '2018-12-19 02:29:56'),
(4, 1, 'Tech Video', '<iframe width=\"560\" height=\"315\" src=\"https://www.youtube.com/embed/KZmIZbtI46Y\" frameborder=\"0\" allow=\"accelerometer; autoplay; encrypted-media; gyroscope; picture-in-picture\" allowfullscreen></iframe>', '2018-12-19 02:32:41', '2018-12-19 02:32:41');

--
-- Indexes for dumped tables
--

--
-- Indexes for table `category`
--
ALTER TABLE `category`
  ADD PRIMARY KEY (`id`);

--
-- Indexes for table `category_product`
--
ALTER TABLE `category_product`
  ADD PRIMARY KEY (`id`);

--
-- Indexes for table `comments`
--
ALTER TABLE `comments`
  ADD PRIMARY KEY (`id`);

--
-- Indexes for table `countries`
--
ALTER TABLE `countries`
  ADD PRIMARY KEY (`id`);

--
-- Indexes for table `events`
--
ALTER TABLE `events`
  ADD PRIMARY KEY (`id`);

--
-- Indexes for table `migrations`
--
ALTER TABLE `migrations`
  ADD PRIMARY KEY (`id`);

--
-- Indexes for table `password_resets`
--
ALTER TABLE `password_resets`
  ADD KEY `password_resets_email_index` (`email`);

--
-- Indexes for table `posts`
--
ALTER TABLE `posts`
  ADD PRIMARY KEY (`id`);

--
-- Indexes for table `product`
--
ALTER TABLE `product`
  ADD PRIMARY KEY (`id`);

--
-- Indexes for table `reviews`
--
ALTER TABLE `reviews`
  ADD PRIMARY KEY (`id`);

--
-- Indexes for table `roles`
--
ALTER TABLE `roles`
  ADD PRIMARY KEY (`id`);

--
-- Indexes for table `role_user`
--
ALTER TABLE `role_user`
  ADD PRIMARY KEY (`id`);

--
-- Indexes for table `sessions`
--
ALTER TABLE `sessions`
  ADD UNIQUE KEY `sessions_id_unique` (`id`);

--
-- Indexes for table `users`
--
ALTER TABLE `users`
  ADD PRIMARY KEY (`id`),
  ADD UNIQUE KEY `users_email_unique` (`email`);

--
-- Indexes for table `videos`
--
ALTER TABLE `videos`
  ADD PRIMARY KEY (`id`);

--
-- AUTO_INCREMENT for dumped tables
--

--
-- AUTO_INCREMENT for table `category`
--
ALTER TABLE `category`
  MODIFY `id` int(10) UNSIGNED NOT NULL AUTO_INCREMENT, AUTO_INCREMENT=6;

--
-- AUTO_INCREMENT for table `category_product`
--
ALTER TABLE `category_product`
  MODIFY `id` int(10) UNSIGNED NOT NULL AUTO_INCREMENT, AUTO_INCREMENT=15;

--
-- AUTO_INCREMENT for table `comments`
--
ALTER TABLE `comments`
  MODIFY `id` int(10) UNSIGNED NOT NULL AUTO_INCREMENT, AUTO_INCREMENT=5;

--
-- AUTO_INCREMENT for table `countries`
--
ALTER TABLE `countries`
  MODIFY `id` int(10) UNSIGNED NOT NULL AUTO_INCREMENT, AUTO_INCREMENT=243;

--
-- AUTO_INCREMENT for table `events`
--
ALTER TABLE `events`
  MODIFY `id` int(10) UNSIGNED NOT NULL AUTO_INCREMENT;

--
-- AUTO_INCREMENT for table `migrations`
--
ALTER TABLE `migrations`
  MODIFY `id` int(10) UNSIGNED NOT NULL AUTO_INCREMENT, AUTO_INCREMENT=111;

--
-- AUTO_INCREMENT for table `posts`
--
ALTER TABLE `posts`
  MODIFY `id` int(10) UNSIGNED NOT NULL AUTO_INCREMENT, AUTO_INCREMENT=7;

--
-- AUTO_INCREMENT for table `product`
--
ALTER TABLE `product`
  MODIFY `id` int(10) UNSIGNED NOT NULL AUTO_INCREMENT, AUTO_INCREMENT=8;

--
-- AUTO_INCREMENT for table `reviews`
--
ALTER TABLE `reviews`
  MODIFY `id` int(10) UNSIGNED NOT NULL AUTO_INCREMENT;

--
-- AUTO_INCREMENT for table `roles`
--
ALTER TABLE `roles`
  MODIFY `id` int(10) UNSIGNED NOT NULL AUTO_INCREMENT, AUTO_INCREMENT=5;

--
-- AUTO_INCREMENT for table `role_user`
--
ALTER TABLE `role_user`
  MODIFY `id` int(10) UNSIGNED NOT NULL AUTO_INCREMENT, AUTO_INCREMENT=7;

--
-- AUTO_INCREMENT for table `users`
--
ALTER TABLE `users`
  MODIFY `id` int(10) UNSIGNED NOT NULL AUTO_INCREMENT, AUTO_INCREMENT=7;

--
-- AUTO_INCREMENT for table `videos`
--
ALTER TABLE `videos`
  MODIFY `id` int(10) UNSIGNED NOT NULL AUTO_INCREMENT, AUTO_INCREMENT=5;
COMMIT;

/*!40101 SET CHARACTER_SET_CLIENT=@OLD_CHARACTER_SET_CLIENT */;
/*!40101 SET CHARACTER_SET_RESULTS=@OLD_CHARACTER_SET_RESULTS */;
/*!40101 SET COLLATION_CONNECTION=@OLD_COLLATION_CONNECTION */;
